step,sim_time,env_id,prismz,prismx,RevoluteJoint,q1_left,q1_right,q2_left,q2_right
0,0.0,0,0.0036787502,7.461094e-10,-2.8732894e-20,4.9283706e-18,-5.487637e-18,-8.336026e-19,3.1531778e-18
